Date,S&P,Nasdaq
2016-01-04,2012.660034,4903.089844
2016-01-05,2016.709961,4891.430176
2016-01-06,1990.26001,4835.759766
2016-01-07,1943.089966,4689.430176
2016-01-08,1922.030029,4643.629883
2016-01-11,1923.670044,4637.990234
2016-01-12,1938.680054,4685.919922
2016-01-13,1890.280029,4526.060059
2016-01-14,1921.839966,4615
2016-01-15,1880.329956,4488.419922
2016-01-19,1881.329956,4476.950195
2016-01-20,1859.329956,4471.689941
2016-01-21,1868.98999,4472.060059
2016-01-22,1906.900024,4591.180176
2016-01-25,1877.079956,4518.490234
2016-01-26,1903.630005,4567.669922
2016-01-27,1882.949951,4468.169922
2016-01-28,1893.359985,4506.680176
2016-01-29,1940.23999,4613.950195
2016-02-01,1939.380005,4620.370117
2016-02-02,1903.030029,4516.950195
2016-02-03,1912.530029,4504.240234
2016-02-04,1915.449951,4509.560059
2016-02-05,1880.050049,4363.140137
2016-02-08,1853.439941,4283.75
2016-02-09,1852.209961,4268.759766
2016-02-10,1851.859985,4283.589844
2016-02-11,1829.079956,4266.839844
2016-02-12,1864.780029,4337.509766
2016-02-16,1895.579956,4435.959961
2016-02-17,1926.819946,4534.060059
2016-02-18,1917.829956,4487.540039
2016-02-19,1917.780029,4504.430176
2016-02-22,1945.5,4570.609863
2016-02-23,1921.27002,4503.580078
2016-02-24,1929.800049,4542.609863
2016-02-25,1951.699951,4582.200195
2016-02-26,1948.050049,4590.470215
2016-02-29,1932.22998,4557.950195
2016-03-01,1978.349976,4689.600098
2016-03-02,1986.449951,4703.419922
2016-03-03,1993.400024,4707.419922
2016-03-04,1999.98999,4717.02002
2016-03-07,2001.76001,4708.25
2016-03-08,1979.26001,4648.819824
2016-03-09,1989.26001,4674.379883
2016-03-10,1989.569946,4662.160156
2016-03-11,2022.189941,4748.470215
2016-03-14,2019.640015,4750.279785
2016-03-15,2015.930054,4728.669922
2016-03-16,2027.219971,4763.970215
2016-03-17,2040.589966,4774.990234
2016-03-18,2049.580078,4795.649902
2016-03-21,2051.600098,4808.870117
2016-03-22,2049.800049,4821.660156
2016-03-23,2036.709961,4768.859863
2016-03-24,2035.939941,4773.5
2016-03-28,2037.050049,4766.790039
2016-03-29,2055.01001,4846.620117
2016-03-30,2063.949951,4869.290039
2016-03-31,2059.73999,4869.850098
2016-04-01,2072.780029,4914.540039
2016-04-04,2066.129883,4891.799805
2016-04-05,2045.170044,4843.930176
2016-04-06,2066.659912,4920.720215
2016-04-07,2041.910034,4848.370117
2016-04-08,2047.599976,4850.689941
2016-04-11,2041.98999,4833.399902
2016-04-12,2061.719971,4872.089844
2016-04-13,2082.419922,4947.419922
2016-04-14,2082.780029,4945.890137
2016-04-15,2080.72998,4938.220215
2016-04-18,2094.340088,4960.02002
2016-04-19,2100.800049,4940.330078
2016-04-20,2102.399902,4948.129883
2016-04-21,2091.47998,4945.890137
2016-04-22,2091.580078,4906.22998
2016-04-25,2087.790039,4895.790039
2016-04-26,2091.699951,4888.279785
2016-04-27,2095.149902,4863.140137
2016-04-28,2075.810059,4805.290039
2016-04-29,2065.300049,4775.359863
2016-05-02,2081.429932,4817.589844
2016-05-03,2063.370117,4763.220215
2016-05-04,2051.120117,4725.640137
2016-05-05,2050.629883,4717.089844
2016-05-06,2057.139893,4736.160156
2016-05-09,2058.689941,4750.209961
2016-05-10,2084.389893,4809.879883
2016-05-11,2064.459961,4760.689941
2016-05-12,2064.110107,4737.330078
2016-05-13,2046.609985,4717.680176
2016-05-16,2066.659912,4775.459961
2016-05-17,2047.209961,4715.72998
2016-05-18,2047.630005,4739.120117
2016-05-19,2040.040039,4712.529785
2016-05-20,2052.320068,4769.560059
2016-05-23,2048.040039,4765.779785
2016-05-24,2076.060059,4861.060059
2016-05-25,2090.540039,4894.890137
2016-05-26,2090.100098,4901.77002
2016-05-27,2099.060059,4933.5
2016-05-31,2096.949951,4948.049805
2016-06-01,2099.330078,4952.25
2016-06-02,2105.26001,4971.359863
2016-06-03,2099.129883,4942.52002
2016-06-06,2109.409912,4968.709961
2016-06-07,2112.129883,4961.75
2016-06-08,2119.120117,4974.640137
2016-06-09,2115.47998,4958.620117
2016-06-10,2096.070068,4894.549805
2016-06-13,2079.060059,4848.439941
2016-06-14,2075.320068,4843.549805
2016-06-15,2071.5,4834.930176
2016-06-16,2077.98999,4844.919922
2016-06-17,2071.219971,4800.339844
2016-06-20,2083.25,4837.209961
2016-06-21,2088.899902,4843.759766
2016-06-22,2085.449951,4833.319824
2016-06-23,2113.320068,4910.040039
2016-06-24,2037.410034,4707.97998
2016-06-27,2000.540039,4594.439941
2016-06-28,2036.089966,4691.870117
2016-06-29,2070.77002,4779.25
2016-06-30,2098.860107,4842.669922
2016-07-01,2102.949951,4862.569824
2016-07-05,2088.550049,4822.899902
2016-07-06,2099.72998,4859.160156
2016-07-07,2097.899902,4876.810059
2016-07-08,2129.899902,4956.759766
2016-07-11,2137.159912,4988.640137
2016-07-12,2152.139893,5022.819824
2016-07-13,2152.429932,5005.72998
2016-07-14,2163.75,5034.060059
2016-07-15,2161.73999,5029.589844
2016-07-18,2166.889893,5055.779785
2016-07-19,2163.780029,5036.370117
2016-07-20,2173.02002,5089.930176
2016-07-21,2165.169922,5073.899902
2016-07-22,2175.030029,5100.160156
2016-07-25,2168.47998,5097.629883
2016-07-26,2169.179932,5110.049805
2016-07-27,2166.580078,5139.810059
2016-07-28,2170.060059,5154.97998
2016-07-29,2173.600098,5162.129883
2016-08-01,2170.840088,5184.200195
2016-08-02,2157.030029,5137.72998
2016-08-03,2163.790039,5159.740234
2016-08-04,2164.25,5166.25
2016-08-05,2182.870117,5221.120117
2016-08-08,2180.889893,5213.140137
2016-08-09,2181.73999,5225.47998
2016-08-10,2175.48999,5204.580078
2016-08-11,2185.790039,5228.399902
2016-08-12,2184.050049,5232.890137
2016-08-15,2190.149902,5262.02002
2016-08-16,2178.149902,5227.109863
2016-08-17,2182.219971,5228.660156
2016-08-18,2187.02002,5240.149902
2016-08-19,2183.870117,5238.379883
2016-08-22,2182.639893,5244.600098
2016-08-23,2186.899902,5260.080078
2016-08-24,2175.439941,5217.689941
2016-08-25,2172.469971,5212.200195
2016-08-26,2169.040039,5218.919922
2016-08-29,2180.379883,5232.330078
2016-08-30,2176.120117,5222.990234
2016-08-31,2170.949951,5213.220215
2016-09-01,2170.860107,5227.209961
2016-09-02,2179.97998,5249.899902
2016-09-06,2186.47998,5275.910156
2016-09-07,2186.159912,5283.930176
2016-09-08,2181.300049,5259.47998
2016-09-09,2127.810059,5125.910156
2016-09-12,2159.040039,5211.890137
2016-09-13,2127.02002,5155.25
2016-09-14,2125.77002,5173.77002
2016-09-15,2147.26001,5249.689941
2016-09-16,2139.159912,5244.569824
2016-09-19,2139.120117,5235.029785
2016-09-20,2139.76001,5241.350098
2016-09-21,2163.120117,5295.180176
2016-09-22,2177.179932,5339.52002
2016-09-23,2164.689941,5305.75
2016-09-26,2146.100098,5257.490234
2016-09-27,2159.929932,5305.709961
2016-09-28,2171.370117,5318.549805
2016-09-29,2151.129883,5269.149902
2016-09-30,2168.27002,5312
2016-10-03,2161.199951,5300.870117
2016-10-04,2150.48999,5289.660156
2016-10-05,2159.72998,5316.02002
2016-10-06,2160.77002,5306.850098
2016-10-07,2153.73999,5292.399902
2016-10-10,2163.659912,5328.669922
2016-10-11,2136.72998,5246.790039
2016-10-12,2139.179932,5239.02002
2016-10-13,2132.550049,5213.330078
2016-10-14,2132.97998,5214.160156
2016-10-17,2126.5,5199.819824
2016-10-18,2139.600098,5243.839844
2016-10-19,2144.290039,5246.410156
2016-10-20,2141.340088,5241.830078
2016-10-21,2141.159912,5257.399902
2016-10-24,2151.330078,5309.830078
2016-10-25,2143.159912,5283.399902
2016-10-26,2139.429932,5250.27002
2016-10-27,2133.040039,5215.970215
2016-10-28,2126.409912,5190.100098
2016-10-31,2126.149902,5189.140137
2016-11-01,2111.719971,5153.580078
2016-11-02,2097.939941,5105.569824
2016-11-03,2088.659912,5058.410156
2016-11-04,2085.179932,5046.370117
2016-11-07,2131.52002,5166.169922
2016-11-08,2139.560059,5193.490234
2016-11-09,2163.26001,5251.069824
2016-11-10,2167.47998,5208.799805
2016-11-11,2164.449951,5237.109863
2016-11-14,2164.199951,5218.399902
2016-11-15,2180.389893,5275.620117
2016-11-16,2176.939941,5294.580078
2016-11-17,2187.120117,5333.970215
2016-11-18,2181.899902,5321.509766
2016-11-21,2198.179932,5368.859863
2016-11-22,2202.939941,5386.350098
2016-11-23,2204.719971,5380.680176
2016-11-25,2213.350098,5398.919922
2016-11-28,2201.719971,5368.810059
2016-11-29,2204.659912,5379.919922
2016-11-30,2198.810059,5323.680176
2016-12-01,2191.080078,5251.109863
2016-12-02,2191.949951,5255.649902
2016-12-05,2204.709961,5308.890137
2016-12-06,2212.22998,5333
2016-12-07,2241.350098,5393.759766
2016-12-08,2246.189941,5417.359863
2016-12-09,2259.530029,5444.5
2016-12-12,2256.959961,5412.540039
2016-12-13,2271.719971,5463.830078
2016-12-14,2253.280029,5436.669922
2016-12-15,2262.030029,5456.850098
2016-12-16,2258.070068,5437.160156
2016-12-19,2262.530029,5457.439941
2016-12-20,2270.76001,5483.939941
2016-12-21,2265.179932,5471.430176
2016-12-22,2260.959961,5447.419922
2016-12-23,2263.790039,5462.689941
2016-12-27,2268.879883,5487.439941
2016-12-28,2249.919922,5438.560059
2016-12-29,2249.26001,5432.089844
2016-12-30,2238.830078,5383.120117
2017-01-03,2257.830078,5429.080078
2017-01-04,2270.75,5477
2017-01-05,2269,5487.939941
2017-01-06,2276.97998,5521.060059
2017-01-09,2268.899902,5531.819824
2017-01-10,2268.899902,5551.819824
2017-01-11,2275.320068,5563.649902
2017-01-12,2270.439941,5547.490234
2017-01-13,2274.639893,5574.120117
2017-01-17,2267.889893,5538.72998
2017-01-18,2271.889893,5555.649902
2017-01-19,2263.689941,5540.080078
2017-01-20,2271.310059,5555.330078
2017-01-23,2265.199951,5552.939941
2017-01-24,2280.070068,5600.959961
2017-01-25,2298.370117,5656.339844
2017-01-26,2296.679932,5655.180176
2017-01-27,2294.689941,5660.779785
2017-01-30,2280.899902,5613.709961
2017-01-31,2278.870117,5614.790039
2017-02-01,2279.550049,5642.649902
2017-02-02,2280.850098,5636.200195
2017-02-03,2297.419922,5666.77002
2017-02-06,2292.560059,5663.549805
2017-02-07,2293.080078,5674.220215
2017-02-08,2294.669922,5682.450195
2017-02-09,2307.870117,5715.180176
2017-02-10,2316.100098,5734.129883
2017-02-13,2328.25,5763.959961
2017-02-14,2337.580078,5782.569824
2017-02-15,2349.25,5819.439941
2017-02-16,2347.219971,5814.899902
2017-02-17,2351.159912,5838.580078
2017-02-21,2365.379883,5865.950195
2017-02-22,2362.820068,5860.629883
2017-02-23,2363.810059,5835.509766
2017-02-24,2367.340088,5845.310059
2017-02-27,2369.75,5861.899902
2017-02-28,2363.639893,5825.439941
2017-03-01,2395.959961,5904.029785
2017-03-02,2381.919922,5861.220215
2017-03-03,2383.120117,5870.75
2017-03-06,2375.310059,5849.180176
2017-03-07,2368.389893,5833.930176
2017-03-08,2362.97998,5837.549805
2017-03-09,2364.870117,5838.810059
2017-03-10,2372.600098,5861.72998
2017-03-13,2373.469971,5875.779785
2017-03-14,2365.449951,5856.819824
2017-03-15,2385.26001,5900.049805
2017-03-16,2381.379883,5900.759766
2017-03-17,2378.25,5901
2017-03-20,2373.469971,5901.529785
2017-03-21,2344.02002,5793.830078
2017-03-22,2348.449951,5821.640137
2017-03-23,2345.959961,5817.689941
2017-03-24,2343.97998,5828.740234
2017-03-27,2341.590088,5840.370117
2017-03-28,2358.570068,5875.140137
2017-03-29,2361.129883,5897.549805
2017-03-30,2368.060059,5914.339844
2017-03-31,2362.719971,5911.740234
2017-04-03,2358.840088,5894.680176
2017-04-04,2360.159912,5898.609863
2017-04-05,2352.949951,5864.47998
2017-04-06,2357.48999,5878.950195
2017-04-07,2355.540039,5877.810059
2017-04-10,2357.159912,5880.930176
2017-04-11,2353.780029,5866.77002
2017-04-12,2344.929932,5836.160156
2017-04-13,2328.949951,5805.149902
2017-04-17,2349.01001,5856.790039
2017-04-18,2342.189941,5849.470215
2017-04-19,2338.169922,5863.029785
2017-04-20,2355.840088,5916.779785
2017-04-21,2348.689941,5910.52002
2017-04-24,2374.149902,5983.819824
2017-04-25,2388.610107,6025.490234
2017-04-26,2387.449951,6025.22998
2017-04-27,2388.77002,6048.939941
2017-04-28,2384.199951,6047.609863
2017-05-01,2388.330078,6091.600098
2017-05-02,2391.169922,6095.370117
2017-05-03,2388.129883,6072.549805
2017-05-04,2389.52002,6075.339844
2017-05-05,2399.290039,6100.759766
2017-05-08,2399.379883,6102.660156
2017-05-09,2396.919922,6120.589844
2017-05-10,2399.629883,6129.140137
2017-05-11,2394.439941,6115.959961
2017-05-12,2390.899902,6121.22998
2017-05-15,2402.320068,6149.669922
2017-05-16,2400.669922,6169.870117
2017-05-17,2357.030029,6011.240234
2017-05-18,2365.719971,6055.129883
2017-05-19,2381.72998,6083.700195
2017-05-22,2394.02002,6133.620117
2017-05-23,2398.419922,6138.709961
2017-05-24,2404.389893,6163.02002
2017-05-25,2415.070068,6205.259766
2017-05-26,2415.820068,6210.189941
2017-05-30,2412.909912,6203.189941
2017-05-31,2411.800049,6198.52002
2017-06-01,2430.060059,6246.830078
2017-06-02,2439.070068,6305.799805
2017-06-05,2436.100098,6295.680176
2017-06-06,2429.330078,6275.060059
2017-06-07,2433.139893,6297.379883
2017-06-08,2433.790039,6321.759766
2017-06-09,2431.77002,6207.919922
2017-06-12,2429.389893,6175.459961
2017-06-13,2440.350098,6220.370117
2017-06-14,2437.919922,6194.890137
2017-06-15,2432.459961,6165.5
2017-06-16,2433.149902,6151.759766
2017-06-19,2453.459961,6239.009766
2017-06-20,2437.030029,6188.029785
2017-06-21,2435.610107,6233.950195
2017-06-22,2434.5,6236.689941
2017-06-23,2438.300049,6265.25
2017-06-26,2439.070068,6247.149902
2017-06-27,2419.379883,6146.620117
2017-06-28,2440.689941,6234.410156
2017-06-29,2419.699951,6144.350098
2017-06-30,2423.409912,6140.419922
2017-07-03,2429.01001,6110.060059
2017-07-05,2432.540039,6150.859863
2017-07-06,2409.75,6089.459961
2017-07-07,2425.179932,6153.080078
2017-07-10,2427.429932,6176.390137
2017-07-11,2425.530029,6193.299805
2017-07-12,2443.25,6261.169922
2017-07-13,2447.830078,6274.439941
2017-07-14,2459.27002,6312.470215
2017-07-17,2459.139893,6314.430176
2017-07-18,2460.610107,6344.310059
2017-07-19,2473.830078,6385.040039
2017-07-20,2473.449951,6390
2017-07-21,2472.540039,6387.75
2017-07-24,2469.909912,6410.810059
2017-07-25,2477.129883,6412.169922
2017-07-26,2477.830078,6422.75
2017-07-27,2475.419922,6382.189941
2017-07-28,2472.100098,6374.680176
2017-07-31,2470.300049,6348.120117
2017-08-01,2476.350098,6362.939941
2017-08-02,2477.570068,6362.649902
2017-08-03,2472.159912,6340.339844
2017-08-04,2476.830078,6351.560059
2017-08-07,2480.909912,6383.77002
2017-08-08,2474.919922,6370.459961
2017-08-09,2474.02002,6352.330078
2017-08-10,2438.209961,6216.870117
2017-08-11,2441.320068,6256.560059
2017-08-14,2465.840088,6340.22998
2017-08-15,2464.610107,6333.009766
2017-08-16,2468.110107,6345.109863
2017-08-17,2430.01001,6221.910156
2017-08-18,2425.550049,6216.529785
2017-08-21,2428.370117,6213.129883
2017-08-22,2452.51001,6297.47998
2017-08-23,2444.040039,6278.410156
2017-08-24,2438.969971,6271.330078
2017-08-25,2443.050049,6265.640137
2017-08-28,2444.23999,6283.02002
2017-08-29,2446.300049,6301.890137
2017-08-30,2457.590088,6368.310059
2017-08-31,2471.649902,6428.660156
2017-09-01,2476.550049,6435.330078
2017-09-05,2457.850098,6375.569824
2017-09-06,2465.540039,6393.310059
2017-09-07,2465.100098,6397.870117
2017-09-08,2461.429932,6360.189941
2017-09-11,2488.110107,6432.259766
2017-09-12,2496.47998,6454.279785
2017-09-13,2498.370117,6460.189941
2017-09-14,2495.620117,6429.080078
2017-09-15,2500.22998,6448.470215
2017-09-18,2503.870117,6454.640137
2017-09-19,2506.649902,6461.319824
2017-09-20,2508.23999,6456.040039
2017-09-21,2500.600098,6422.689941
2017-09-22,2502.219971,6426.919922
2017-09-25,2496.659912,6370.589844
2017-09-26,2496.840088,6380.160156
2017-09-27,2507.040039,6453.259766
2017-09-28,2510.060059,6453.450195
2017-09-29,2519.360107,6495.959961
2017-10-02,2529.120117,6516.720215
2017-10-03,2534.580078,6531.709961
2017-10-04,2537.73999,6534.629883
2017-10-05,2552.070068,6585.359863
2017-10-06,2549.330078,6590.180176
2017-10-09,2544.72998,6579.72998
2017-10-10,2550.639893,6587.25
2017-10-11,2555.23999,6603.549805
2017-10-12,2550.929932,6591.509766
2017-10-13,2553.169922,6605.799805
2017-10-16,2557.639893,6624
2017-10-17,2559.360107,6623.660156
2017-10-18,2561.26001,6624.220215
2017-10-19,2562.100098,6605.069824
2017-10-20,2575.209961,6629.049805
2017-10-23,2564.97998,6586.830078
2017-10-24,2569.129883,6598.430176
2017-10-25,2557.149902,6563.890137
2017-10-26,2560.399902,6556.77002
2017-10-27,2581.070068,6701.259766
2017-10-30,2572.830078,6698.959961
2017-10-31,2575.26001,6727.669922
2017-11-01,2579.360107,6716.529785
2017-11-02,2579.850098,6714.939941
2017-11-03,2587.840088,6764.439941
2017-11-06,2591.129883,6786.439941
2017-11-07,2590.639893,6767.779785
2017-11-08,2594.379883,6789.120117
2017-11-09,2584.620117,6750.049805
2017-11-10,2582.300049,6750.939941
2017-11-13,2584.840088,6757.600098
2017-11-14,2578.870117,6737.870117
2017-11-15,2564.620117,6706.209961
2017-11-16,2585.639893,6793.290039
2017-11-17,2578.850098,6782.790039
2017-11-20,2582.139893,6790.709961
2017-11-21,2599.030029,6862.47998
2017-11-22,2597.080078,6867.359863
2017-11-24,2602.419922,6889.160156
2017-11-27,2601.419922,6878.52002
2017-11-28,2627.040039,6912.359863
2017-11-29,2626.070068,6824.390137
2017-11-30,2647.580078,6873.970215
2017-12-01,2642.219971,6847.589844
2017-12-04,2639.439941,6775.370117
2017-12-05,2629.570068,6762.209961
2017-12-06,2629.27002,6776.379883
2017-12-07,2636.97998,6812.839844
2017-12-08,2651.5,6840.080078
2017-12-11,2659.98999,6875.080078
2017-12-12,2664.110107,6862.319824
2017-12-13,2662.850098,6875.799805
2017-12-14,2652.01001,6856.529785
2017-12-15,2675.810059,6936.580078
2017-12-18,2690.159912,6994.759766
2017-12-19,2681.469971,6963.850098
2017-12-20,2679.25,6960.959961
2017-12-21,2684.570068,6965.359863
2017-12-22,2683.340088,6959.959961
2017-12-26,2680.5,6936.25
2017-12-27,2682.620117,6939.339844
2017-12-28,2687.540039,6950.160156
2017-12-29,2673.610107,6903.390137
2018-01-02,2695.810059,7006.899902
2018-01-03,2713.060059,7065.529785
2018-01-04,2723.98999,7077.910156
2018-01-05,2743.149902,7136.560059
2018-01-08,2747.709961,7157.390137
2018-01-09,2751.290039,7163.580078
2018-01-10,2748.22998,7153.569824
2018-01-11,2767.560059,7211.779785
2018-01-12,2786.23999,7261.060059
2018-01-16,2776.419922,7223.689941
2018-01-17,2802.560059,7298.279785
2018-01-18,2798.030029,7296.049805
2018-01-19,2810.300049,7336.379883
2018-01-22,2832.969971,7408.029785
2018-01-23,2839.129883,7460.290039
2018-01-24,2837.540039,7415.060059
2018-01-25,2839.25,7411.160156
2018-01-26,2872.870117,7505.77002
2018-01-29,2853.530029,7466.509766
2018-01-30,2822.429932,7402.47998
2018-01-31,2823.810059,7411.47998
2018-02-01,2821.97998,7385.859863
2018-02-02,2762.129883,7240.950195
2018-02-05,2648.939941,6967.529785
2018-02-06,2695.139893,7115.879883
2018-02-07,2681.659912,7051.97998
2018-02-08,2581,6777.160156
2018-02-09,2619.550049,6874.490234
2018-02-12,2656,6981.959961
2018-02-13,2662.939941,7013.509766
2018-02-14,2698.629883,7143.620117
2018-02-15,2731.199951,7256.430176
2018-02-16,2732.219971,7239.470215
2018-02-20,2716.26001,7234.310059
2018-02-21,2701.330078,7218.22998
2018-02-22,2703.959961,7210.089844
2018-02-23,2747.300049,7337.390137
2018-02-26,2779.600098,7421.459961
2018-02-27,2744.280029,7330.350098
2018-02-28,2713.830078,7273.009766
2018-03-01,2677.669922,7180.560059
2018-03-02,2691.25,7257.870117
2018-03-05,2720.939941,7330.709961
2018-03-06,2728.120117,7372.009766
2018-03-07,2726.800049,7396.649902
2018-03-08,2738.969971,7427.950195
2018-03-09,2786.570068,7560.810059
2018-03-12,2783.02002,7588.319824
2018-03-13,2765.310059,7511.009766
2018-03-14,2749.47998,7496.810059
2018-03-15,2747.330078,7481.740234
2018-03-16,2752.01001,7481.990234
2018-03-19,2712.919922,7344.240234
2018-03-20,2716.939941,7364.299805
2018-03-21,2711.929932,7345.290039
2018-03-22,2643.689941,7166.680176
2018-03-23,2588.26001,6992.669922
2018-03-26,2658.550049,7220.540039
2018-03-27,2612.620117,7008.810059
2018-03-28,2605,6949.22998
2018-03-29,2640.870117,7063.450195
2018-04-02,2581.879883,6870.120117
2018-04-03,2614.449951,6941.279785
2018-04-04,2644.689941,7042.109863
2018-04-05,2662.840088,7076.549805
2018-04-06,2604.469971,6915.109863
2018-04-09,2613.159912,6950.339844
2018-04-10,2656.870117,7094.299805
2018-04-11,2642.189941,7069.029785
2018-04-12,2663.98999,7140.25
2018-04-13,2656.300049,7106.649902
2018-04-16,2677.840088,7156.279785
2018-04-17,2706.389893,7281.100098
2018-04-18,2708.639893,7295.240234
2018-04-19,2693.129883,7238.060059
2018-04-20,2670.139893,7146.129883
2018-04-23,2670.290039,7128.600098
2018-04-24,2634.560059,7007.350098
2018-04-25,2639.399902,7003.740234
2018-04-26,2666.939941,7118.680176
2018-04-27,2669.909912,7119.799805
2018-04-30,2648.050049,7066.27002
2018-05-01,2654.800049,7130.700195
2018-05-02,2635.669922,7100.899902
2018-05-03,2629.72998,7088.149902
2018-05-04,2663.419922,7209.620117
2018-05-07,2672.629883,7265.209961
2018-05-08,2671.919922,7266.899902
2018-05-09,2697.790039,7339.910156
2018-05-10,2723.070068,7404.970215
2018-05-11,2727.719971,7402.879883
2018-05-14,2730.129883,7411.319824
2018-05-15,2711.449951,7351.629883
2018-05-16,2722.459961,7398.299805
2018-05-17,2720.129883,7382.470215
2018-05-18,2712.969971,7354.339844
2018-05-21,2733.01001,7394.040039
2018-05-22,2724.439941,7378.459961
2018-05-23,2733.290039,7425.959961
2018-05-24,2727.76001,7424.430176
2018-05-25,2721.330078,7433.850098
2018-05-29,2689.860107,7396.589844
2018-05-30,2724.01001,7462.450195
2018-05-31,2705.27002,7442.120117
2018-06-01,2734.620117,7554.330078
2018-06-04,2746.870117,7606.459961
2018-06-05,2748.800049,7637.859863
2018-06-06,2772.350098,7689.240234
2018-06-07,2770.370117,7635.069824
2018-06-08,2779.030029,7645.509766
2018-06-11,2782,7659.930176
2018-06-12,2786.850098,7703.790039
2018-06-13,2775.629883,7695.700195
2018-06-14,2782.48999,7761.040039
2018-06-15,2779.659912,7746.379883
2018-06-18,2773.75,7747.029785
2018-06-19,2762.590088,7725.589844
2018-06-20,2767.320068,7781.509766
2018-06-21,2749.76001,7712.950195
2018-06-22,2754.879883,7692.819824
2018-06-25,2717.070068,7532.009766
2018-06-26,2723.060059,7561.629883
2018-06-27,2699.629883,7445.080078
2018-06-28,2716.310059,7503.680176
2018-06-29,2718.370117,7510.299805
2018-07-02,2726.709961,7567.689941
2018-07-03,2713.219971,7502.669922
2018-07-05,2736.610107,7586.430176
2018-07-06,2759.820068,7688.390137
2018-07-09,2784.169922,7756.200195
2018-07-10,2793.840088,7759.200195
2018-07-11,2774.02002,7716.609863
2018-07-12,2798.290039,7823.919922
2018-07-13,2801.310059,7825.97998
2018-07-16,2798.429932,7805.720215
2018-07-17,2809.550049,7855.120117
2018-07-18,2815.620117,7854.439941
2018-07-19,2804.48999,7825.299805
2018-07-20,2801.830078,7820.200195
2018-07-23,2806.97998,7841.870117
2018-07-24,2820.399902,7840.77002
2018-07-25,2846.070068,7932.240234
2018-07-26,2837.439941,7852.180176
2018-07-27,2818.820068,7737.419922
2018-07-30,2802.600098,7630
2018-07-31,2816.290039,7671.790039
2018-08-01,2813.360107,7707.290039
2018-08-02,2827.219971,7802.689941
2018-08-03,2840.350098,7812.009766
2018-08-06,2850.399902,7859.680176
2018-08-07,2858.449951,7883.660156
2018-08-08,2857.699951,7888.330078
2018-08-09,2853.580078,7891.779785
2018-08-10,2833.280029,7839.109863
2018-08-13,2821.929932,7819.709961
2018-08-14,2839.959961,7870.890137
2018-08-15,2818.370117,7774.120117
2018-08-16,2840.689941,7806.52002
2018-08-17,2850.129883,7816.330078
2018-08-20,2857.050049,7821.009766
2018-08-21,2862.959961,7859.169922
2018-08-22,2861.820068,7889.100098
2018-08-23,2856.97998,7878.459961
2018-08-24,2874.689941,7945.97998
2018-08-27,2896.73999,8017.899902
2018-08-28,2897.52002,8030.040039
2018-08-29,2914.040039,8109.689941
2018-08-30,2901.129883,8088.359863
2018-08-31,2901.52002,8109.540039
2018-09-04,2896.719971,8091.25
2018-09-05,2888.600098,7995.169922
2018-09-06,2878.050049,7922.72998
2018-09-07,2871.679932,7902.540039
2018-09-10,2877.129883,7924.160156
2018-09-11,2887.889893,7972.470215
2018-09-12,2888.919922,7954.22998
2018-09-13,2904.179932,8013.709961
2018-09-14,2904.97998,8010.040039
2018-09-17,2888.800049,7895.790039
2018-09-18,2904.310059,7956.109863
2018-09-19,2907.949951,7950.040039
2018-09-20,2930.75,8028.22998
2018-09-21,2929.669922,7986.959961
2018-09-24,2919.370117,7993.25
2018-09-25,2915.560059,8007.470215
2018-09-26,2905.969971,7990.370117
2018-09-27,2914,8041.970215
2018-09-28,2913.97998,8046.350098
2018-10-01,2924.590088,8037.299805
2018-10-02,2923.429932,7999.549805
2018-10-03,2925.51001,8025.089844
2018-10-04,2901.610107,7879.509766
2018-10-05,2885.570068,7788.450195
2018-10-08,2884.429932,7735.950195
2018-10-09,2880.340088,7738.02002
2018-10-10,2785.679932,7422.049805
2018-10-11,2728.370117,7329.060059
2018-10-12,2767.129883,7496.890137
2018-10-15,2750.790039,7430.740234
2018-10-16,2809.919922,7645.490234
2018-10-17,2809.209961,7642.700195
2018-10-18,2768.780029,7485.140137
2018-10-19,2767.780029,7449.029785
2018-10-22,2755.879883,7468.629883
2018-10-23,2740.689941,7437.540039
2018-10-24,2656.100098,7108.399902
2018-10-25,2705.570068,7318.339844
2018-10-26,2658.689941,7167.209961
2018-10-29,2641.25,7050.290039
2018-10-30,2682.629883,7161.649902
2018-10-31,2711.73999,7305.899902
2018-11-01,2740.370117,7434.060059
2018-11-02,2723.060059,7356.990234
2018-11-05,2738.310059,7328.850098
2018-11-06,2755.449951,7375.959961
2018-11-07,2813.889893,7570.75
2018-11-08,2806.830078,7530.879883
2018-11-09,2781.01001,7406.899902
2018-11-12,2726.219971,7200.870117
2018-11-13,2722.179932,7200.870117
2018-11-14,2701.580078,7136.390137
2018-11-15,2730.199951,7259.029785
2018-11-16,2736.27002,7247.870117
2018-11-19,2690.72998,7028.47998
2018-11-20,2641.889893,6908.819824
2018-11-21,2649.929932,6972.25
2018-11-23,2632.560059,6938.97998
2018-11-26,2673.449951,7081.850098
2018-11-27,2682.169922,7082.700195
2018-11-28,2743.790039,7291.589844
2018-11-29,2737.800049,7273.080078
2018-11-30,2760.169922,7330.540039
2018-12-03,2790.370117,7441.509766
2018-12-04,2700.060059,7158.430176
2018-12-06,2695.949951,7188.259766
2018-12-07,2633.080078,6969.25
2018-12-10,2637.719971,7020.52002
2018-12-11,2636.780029,7031.830078
2018-12-12,2651.070068,7098.310059
2018-12-13,2650.540039,7070.330078
2018-12-14,2599.949951,6910.660156
2018-12-17,2545.939941,6753.72998
2018-12-18,2546.159912,6783.910156
2018-12-19,2506.959961,6636.830078
2018-12-20,2467.419922,6528.410156
2018-12-21,2416.620117,6332.990234
2018-12-24,2351.100098,6192.919922
2018-12-26,2467.699951,6554.359863
2018-12-27,2488.830078,6579.490234
2018-12-28,2485.73999,6584.52002
2018-12-31,2506.850098,6635.279785
2019-01-02,2510.030029,6665.939941
2019-01-03,2447.889893,6463.5
2019-01-04,2531.939941,6738.859863
2019-01-07,2549.689941,6823.470215
2019-01-08,2574.409912,6897
2019-01-09,2584.959961,6957.080078
2019-01-10,2596.639893,6986.069824
2019-01-11,2596.26001,6971.47998
2019-01-14,2582.610107,6905.919922
2019-01-15,2610.300049,7023.830078
2019-01-16,2616.100098,7034.689941
2019-01-17,2635.959961,7084.459961
2019-01-18,2670.709961,7157.22998
2019-01-22,2632.899902,7020.359863
2019-01-23,2638.699951,7025.77002
2019-01-24,2642.330078,7073.459961
2019-01-25,2664.76001,7164.859863
2019-01-28,2643.850098,7085.680176
2019-01-29,2640,7028.290039
2019-01-30,2681.050049,7183.080078
2019-01-31,2704.100098,7281.740234
2019-02-01,2706.530029,7263.870117
2019-02-04,2724.870117,7347.540039
2019-02-05,2737.699951,7402.080078
2019-02-06,2731.610107,7375.279785
2019-02-07,2706.050049,7288.350098
2019-02-08,2707.879883,7298.200195
2019-02-11,2709.800049,7307.899902
2019-02-12,2744.72998,7414.620117
2019-02-13,2753.030029,7420.379883
2019-02-14,2745.72998,7426.950195
2019-02-15,2775.600098,7472.410156
2019-02-19,2779.76001,7486.77002
2019-02-20,2784.699951,7489.069824
2019-02-21,2774.879883,7459.709961
2019-02-22,2792.669922,7527.540039
2019-02-25,2796.110107,7554.459961
2019-02-26,2793.899902,7549.299805
2019-02-27,2792.379883,7554.509766
2019-02-28,2784.48999,7532.529785
2019-03-01,2803.689941,7595.350098
2019-03-04,2792.810059,7577.569824
2019-03-05,2789.649902,7576.359863
2019-03-06,2771.449951,7505.919922
2019-03-07,2748.929932,7421.459961
2019-03-08,2743.070068,7408.140137
2019-03-11,2783.300049,7558.060059
2019-03-12,2791.52002,7591.029785
2019-03-13,2810.919922,7643.410156
2019-03-14,2808.47998,7630.910156
2019-03-15,2822.47998,7688.529785
2019-03-18,2832.939941,7714.47998
2019-03-19,2832.570068,7723.950195
2019-03-20,2824.22998,7728.970215
2019-03-21,2854.879883,7838.959961
2019-03-22,2800.709961,7642.669922
2019-03-25,2798.360107,7637.540039
2019-03-26,2818.459961,7691.52002
2019-03-27,2805.370117,7643.379883
2019-03-28,2815.439941,7669.169922
2019-03-29,2834.399902,7729.319824
2019-04-01,2867.189941,7828.910156
2019-04-02,2867.23999,7848.689941
2019-04-03,2873.399902,7895.549805
2019-04-04,2879.389893,7891.779785
2019-04-05,2892.73999,7938.689941
2019-04-08,2895.77002,7953.879883
2019-04-09,2878.199951,7909.279785
2019-04-10,2888.209961,7964.240234
2019-04-11,2888.320068,7947.359863
2019-04-12,2907.409912,7984.160156
2019-04-15,2905.580078,7976.009766
2019-04-16,2907.060059,8000.22998
2019-04-17,2900.449951,7996.080078
2019-04-18,2905.030029,7998.060059
2019-04-22,2907.969971,8015.27002
2019-04-23,2933.679932,8120.819824
2019-04-24,2927.25,8102.009766
2019-04-25,2926.169922,8118.680176
2019-04-26,2939.879883,8146.399902
2019-04-29,2943.030029,8161.850098
2019-04-30,2945.830078,8095.390137
2019-05-01,2923.72998,8049.640137
2019-05-02,2917.52002,8036.77002
2019-05-03,2945.639893,8164
2019-05-06,2932.469971,8123.290039
2019-05-07,2884.050049,7963.759766
2019-05-08,2879.419922,7943.319824
2019-05-09,2870.719971,7910.589844
2019-05-10,2881.399902,7916.939941
2019-05-13,2811.870117,7647.02002
2019-05-14,2834.409912,7734.490234
2019-05-15,2850.959961,7822.149902
2019-05-16,2876.320068,7898.049805
2019-05-17,2859.530029,7816.279785
2019-05-20,2840.22998,7702.379883
2019-05-21,2864.360107,7785.720215
2019-05-22,2856.27002,7750.839844
2019-05-23,2822.23999,7628.279785
2019-05-24,2826.060059,7637.009766
2019-05-28,2802.389893,7607.350098
2019-05-29,2783.02002,7547.310059
2019-05-30,2788.860107,7567.720215
2019-05-31,2752.060059,7453.149902
2019-06-03,2744.449951,7333.02002
2019-06-04,2803.27002,7527.120117
2019-06-05,2826.149902,7575.47998
2019-06-06,2843.48999,7615.549805
2019-06-07,2873.340088,7742.100098
2019-06-10,2886.72998,7823.169922
2019-06-11,2885.719971,7822.569824
2019-06-12,2879.840088,7792.720215
2019-06-13,2891.639893,7837.129883
2019-06-14,2886.97998,7796.660156
2019-06-17,2889.669922,7845.02002
2019-06-18,2917.75,7953.879883
2019-06-19,2926.459961,7987.319824
2019-06-20,2954.179932,8051.339844
2019-06-21,2950.459961,8031.709961
2019-06-24,2945.350098,8005.700195
2019-06-25,2917.379883,7884.720215
2019-06-26,2913.780029,7909.970215
2019-06-27,2924.919922,7967.759766
2019-06-28,2941.76001,8006.240234
2019-07-01,2964.330078,8091.160156
2019-07-02,2973.01001,8109.089844
2019-07-03,2995.820068,8170.22998
2019-07-05,2990.409912,8161.790039
2019-07-08,2975.949951,8098.379883
2019-07-09,2979.629883,8141.72998
2019-07-10,2993.070068,8202.530273
2019-07-11,2999.909912,8196.040039
2019-07-12,3013.77002,8244.139648
2019-07-15,3014.300049,8258.19043
2019-07-16,3004.040039,8222.799805
2019-07-17,2984.419922,8185.209961
2019-07-18,2995.110107,8207.240234
2019-07-19,2976.610107,8146.490234
2019-07-22,2985.030029,8204.139648
2019-07-23,3005.469971,8251.400391
2019-07-24,3019.560059,8321.5
2019-07-25,3003.669922,8238.540039
2019-07-26,3025.860107,8330.209961
2019-07-29,3020.969971,8293.330078
2019-07-30,3013.179932,8273.610352
2019-07-31,2980.379883,8175.419922
2019-08-01,2953.560059,8111.120117
2019-08-02,2932.050049,8004.069824
2019-08-05,2844.73999,7726.040039
2019-08-06,2881.77002,7833.27002
2019-08-07,2883.97998,7862.830078
2019-08-08,2938.090088,8039.160156
2019-08-09,2918.649902,7959.140137
2019-08-12,2882.699951,7863.410156
2019-08-13,2926.320068,8016.359863
2019-08-14,2840.600098,7773.939941
2019-08-15,2847.600098,7766.620117
2019-08-16,2888.679932,7895.990234
2019-08-19,2923.649902,8002.810059
2019-08-20,2900.51001,7948.560059
2019-08-21,2924.429932,8020.209961
2019-08-22,2922.949951,7991.390137
2019-08-23,2847.110107,7751.77002
2019-08-26,2878.379883,7853.740234
2019-08-27,2869.159912,7826.950195
2019-08-28,2887.939941,7856.879883
2019-08-29,2924.580078,7973.390137
2019-08-30,2926.459961,7962.879883
2019-09-03,2906.27002,7874.160156
2019-09-04,2937.780029,7976.879883
2019-09-05,2976,8116.830078
2019-09-06,2978.709961,8103.069824
2019-09-09,2978.429932,8087.439941
2019-09-10,2979.389893,8084.160156
2019-09-11,3000.929932,8169.680176
2019-09-12,3009.570068,8194.469727
2019-09-13,3007.389893,8176.709961
2019-09-16,2997.959961,8153.540039
2019-09-17,3005.699951,8186.02002
2019-09-18,3006.72998,8177.390137
2019-09-19,3006.790039,8182.879883
2019-09-20,2992.070068,8117.669922
2019-09-23,2991.780029,8112.459961
2019-09-24,2966.600098,7993.629883
2019-09-25,2984.870117,8077.379883
2019-09-26,2977.620117,8030.660156
2019-09-27,2961.790039,7939.629883
2019-09-30,2976.73999,7999.339844
2019-10-01,2940.25,7908.680176
2019-10-02,2887.610107,7785.25
2019-10-03,2910.629883,7872.259766
2019-10-04,2952.01001,7982.470215
2019-10-07,2938.790039,7956.290039
2019-10-08,2893.060059,7823.779785
2019-10-09,2919.399902,7903.740234
2019-10-10,2938.129883,7950.779785
2019-10-11,2970.27002,8057.040039
2019-10-14,2966.149902,8048.649902
2019-10-15,2995.679932,8148.709961
2019-10-16,2989.689941,8124.180176
2019-10-17,2997.949951,8156.850098
2019-10-18,2986.199951,8089.540039
2019-10-21,3006.719971,8162.990234
2019-10-22,2995.98999,8104.299805
2019-10-23,3004.52002,8119.790039
2019-10-24,3010.290039,8185.799805
2019-10-25,3022.550049,8243.120117
2019-10-28,3039.419922,8325.990234
2019-10-29,3036.889893,8276.849609
2019-10-30,3046.77002,8303.980469
2019-10-31,3037.560059,8292.360352
2019-11-01,3066.909912,8386.400391
2019-11-04,3078.27002,8433.200195
2019-11-05,3074.620117,8434.679688
2019-11-06,3076.780029,8410.629883
2019-11-07,3085.179932,8434.519531
2019-11-08,3093.080078,8475.30957
2019-11-11,3087.01001,8464.280273
2019-11-12,3091.840088,8486.089844
2019-11-13,3094.040039,8482.099609
2019-11-14,3096.629883,8479.019531
2019-11-15,3120.459961,8540.830078
2019-11-18,3122.030029,8549.94043
2019-11-19,3120.179932,8570.660156
2019-11-20,3108.459961,8526.730469
2019-11-21,3103.540039,8506.209961
2019-11-22,3110.290039,8519.879883
2019-11-25,3133.639893,8632.490234
2019-11-26,3140.52002,8647.929688
2019-11-27,3153.629883,8705.179688
2019-11-29,3140.97998,8665.469727
2019-12-02,3113.870117,8567.990234
2019-12-03,3093.199951,8520.639648
2019-12-04,3112.76001,8566.669922
2019-12-05,3117.429932,8570.700195
2019-12-06,3145.909912,8656.530273
2019-12-09,3135.959961,8621.830078
2019-12-10,3132.52002,8616.179688
2019-12-11,3141.629883,8654.049805
2019-12-12,3168.570068,8717.320313
2019-12-13,3168.800049,8734.879883
2019-12-16,3191.449951,8814.230469
2019-12-17,3192.52002,8823.360352
2019-12-18,3191.139893,8827.740234
2019-12-19,3205.370117,8887.219727
2019-12-20,3221.219971,8924.959961
2019-12-23,3224.01001,8945.650391
2019-12-24,3223.379883,8952.879883
2019-12-26,3239.909912,9022.389648
2019-12-27,3240.02002,9006.620117
2019-12-30,3221.290039,8945.990234
2019-12-31,3230.780029,8972.599609
2020-01-02,3257.850098,9092.19043
2020-01-03,3234.850098,9020.769531
2020-01-06,3246.280029,9071.469727
2020-01-07,3237.179932,9068.580078
2020-01-08,3253.050049,9129.240234
2020-01-09,3274.699951,9203.429688
2020-01-10,3265.350098,9178.860352
2020-01-13,3288.129883,9273.929688
2020-01-14,3283.149902,9251.330078
2020-01-15,3289.290039,9258.700195
2020-01-16,3316.810059,9357.129883
2020-01-17,3329.620117,9388.94043
2020-01-21,3320.790039,9370.80957
2020-01-22,3321.75,9383.769531
2020-01-23,3325.540039,9402.480469
2020-01-24,3295.469971,9314.910156
2020-01-27,3243.629883,9139.30957
2020-01-28,3276.23999,9269.679688
2020-01-29,3273.399902,9275.160156
2020-01-30,3283.659912,9298.929688
2020-01-31,3225.52002,9150.94043
2020-02-03,3248.919922,9273.400391
2020-02-04,3297.590088,9467.969727
2020-02-05,3334.689941,9508.679688
2020-02-06,3345.780029,9572.150391
2020-02-07,3327.709961,9520.509766
2020-02-10,3352.090088,9628.389648
2020-02-11,3357.75,9638.94043
2020-02-12,3379.449951,9725.959961
2020-02-13,3373.939941,9711.969727
2020-02-14,3380.159912,9731.179688
2020-02-18,3370.290039,9732.740234
2020-02-19,3386.149902,9817.179688
2020-02-20,3373.22998,9750.969727
2020-02-21,3337.75,9576.589844
2020-02-24,3225.889893,9221.280273
2020-02-25,3128.209961,8965.610352
2020-02-26,3116.389893,8980.780273
2020-02-27,2978.76001,8566.480469
2020-02-28,2954.219971,8567.370117
2020-03-02,3090.22998,8952.169922
2020-03-03,3003.370117,8684.089844
2020-03-04,3130.120117,9018.089844
2020-03-05,3023.939941,8738.589844
2020-03-06,2972.370117,8575.620117
2020-03-09,2746.560059,7950.680176
2020-03-10,2882.22998,8344.25
2020-03-11,2741.379883,7952.049805
2020-03-12,2480.639893,7201.799805
2020-03-13,2711.02002,7874.879883
2020-03-16,2386.129883,6904.589844
2020-03-17,2529.189941,7334.779785
2020-03-18,2398.100098,6989.839844
2020-03-19,2409.389893,7150.580078
2020-03-20,2304.919922,6879.52002
2020-03-23,2237.399902,6860.669922
2020-03-24,2447.330078,7417.859863
2020-03-25,2475.560059,7384.299805
2020-03-26,2630.070068,7797.540039
2020-03-27,2541.469971,7502.379883
2020-03-30,2626.649902,7774.149902
2020-03-31,2584.590088,7700.100098
2020-04-01,2470.5,7360.580078
2020-04-02,2526.899902,7487.310059
2020-04-03,2488.649902,7373.080078
2020-04-06,2663.679932,7913.240234
2020-04-07,2659.409912,7887.259766
2020-04-08,2749.97998,8090.899902
2020-04-09,2789.820068,8153.580078
2020-04-13,2761.629883,8192.419922
2020-04-14,2846.060059,8515.740234
2020-04-15,2783.360107,8393.179688
2020-04-16,2799.550049,8532.360352
2020-04-17,2874.560059,8650.139648
2020-04-20,2823.159912,8560.730469
2020-04-21,2736.560059,8263.230469
2020-04-22,2799.310059,8495.379883
2020-04-23,2797.800049,8494.75
2020-04-24,2836.73999,8634.519531
2020-04-27,2878.47998,8730.160156
2020-04-28,2863.389893,8607.730469
2020-04-29,2939.51001,8914.709961
2020-04-30,2912.429932,8889.549805
2020-05-01,2830.709961,8604.950195
2020-05-04,2842.73999,8710.709961
2020-05-05,2868.439941,8809.120117
2020-05-06,2848.419922,8854.389648
2020-05-07,2881.189941,8979.660156
2020-05-08,2929.800049,9121.320313
2020-05-11,2930.189941,9192.339844
2020-05-12,2870.120117,9002.549805
2020-05-13,2820,8863.169922
2020-05-14,2852.5,8943.719727
2020-05-15,2863.699951,9014.55957
2020-05-18,2953.909912,9234.830078
2020-05-19,2922.939941,9185.099609
2020-05-20,2971.610107,9375.780273
2020-05-21,2948.51001,9284.879883
2020-05-22,2955.449951,9324.589844
2020-05-26,2991.77002,9340.219727
2020-05-27,3036.129883,9412.360352
2020-05-28,3029.72998,9368.990234
2020-05-29,3044.310059,9489.870117
2020-06-01,3055.72998,9552.049805
2020-06-02,3080.820068,9608.379883
2020-06-03,3122.870117,9682.910156
2020-06-04,3112.350098,9615.80957
2020-06-05,3193.929932,9814.080078
2020-06-08,3232.389893,9924.75
2020-06-09,3207.179932,9953.75
2020-06-10,3190.139893,10020.34961
2020-06-11,3002.100098,9492.730469
2020-06-12,3041.310059,9588.80957
2020-06-15,3066.590088,9726.019531
2020-06-16,3124.73999,9895.870117
2020-06-17,3113.48999,9910.530273
2020-06-18,3115.340088,9943.049805
2020-06-19,3097.73999,9946.120117
2020-06-22,3117.860107,10056.48047
2020-06-23,3131.290039,10131.37012
2020-06-24,3050.330078,9909.169922
2020-06-25,3083.76001,10017
2020-06-26,3009.050049,9757.219727
2020-06-29,3053.23999,9874.150391
2020-06-30,3100.290039,10058.76953
2020-07-01,3115.860107,10154.62988
2020-07-02,3130.01001,10207.62988
2020-07-06,3179.719971,10433.65039
2020-07-07,3145.320068,10343.88965
2020-07-08,3169.939941,10492.5
2020-07-09,3152.050049,10547.75
2020-07-10,3185.040039,10617.44043
2020-07-13,3155.219971,10390.83984
2020-07-14,3197.52002,10488.58008
2020-07-15,3226.560059,10550.49023
2020-07-16,3215.570068,10473.83008
2020-07-17,3224.72998,10503.19043
2020-07-20,3251.840088,10767.08984
2020-07-21,3257.300049,10680.36035
2020-07-22,3276.02002,10706.12988
2020-07-23,3235.659912,10461.41992
2020-07-24,3215.629883,10363.17969
2020-07-27,3239.409912,10536.26953
2020-07-28,3218.439941,10402.08984
2020-07-29,3258.439941,10542.94043
2020-07-30,3246.219971,10587.80957
2020-07-31,3271.120117,10745.26953
2020-08-03,3294.610107,10902.79981
2020-08-04,3306.51001,10941.16992
2020-08-05,3327.77002,10998.40039
2020-08-06,3349.159912,11108.07031
2020-08-07,3351.280029,11010.98047
2020-08-10,3360.469971,10968.36035
2020-08-11,3333.689941,10782.82031
2020-08-12,3380.350098,11012.24023
2020-08-13,3373.429932,11042.5
2020-08-14,3372.850098,11019.29981
2020-08-17,3381.98999,11129.73047
2020-08-18,3389.780029,11210.83984
2020-08-19,3374.850098,11146.45996
2020-08-20,3385.51001,11264.9502
2020-08-21,3397.159912,11311.79981
2020-08-24,3431.280029,11379.71973
2020-08-25,3443.620117,11466.46973
2020-08-26,3478.72998,11665.05957
2020-08-27,3484.550049,11625.33984
2020-08-28,3508.01001,11695.62988
2020-08-31,3500.310059,11775.45996
2020-09-01,3526.649902,11939.66992
2020-09-02,3580.840088,12056.44043
2020-09-03,3455.060059,11458.09961
2020-09-04,3426.959961,11313.12988
2020-09-08,3331.840088,10847.69043
2020-09-09,3398.959961,11141.55957
2020-09-10,3339.189941,10919.58984
2020-09-11,3340.969971,10853.54981
2020-09-14,3383.540039,11056.65039
2020-09-15,3401.199951,11190.32031
2020-09-16,3385.48999,11050.46973
2020-09-17,3357.01001,10910.28027
2020-09-18,3319.469971,10793.28027
2020-09-21,3281.060059,10778.79981
2020-09-22,3315.570068,10963.63965
2020-09-23,3236.919922,10632.99023
2020-09-24,3246.590088,10672.26953
2020-09-25,3298.459961,10913.55957
2020-09-28,3351.600098,11117.53027
2020-09-29,3335.469971,11085.25
2020-09-30,3363,11167.50977
2020-10-01,3380.800049,11326.50977
2020-10-02,3348.419922,11075.01953
2020-10-05,3408.600098,11332.49023
2020-10-06,3360.969971,11154.59961
2020-10-07,3419.439941,11364.59961
2020-10-08,3446.830078,11420.98047
2020-10-09,3477.139893,11579.94043
2020-10-12,3534.219971,11876.25977
2020-10-13,3511.929932,11863.90039
2020-10-14,3488.669922,11768.73047
2020-10-15,3483.340088,11713.87012
2020-10-16,3483.810059,11671.55957
2020-10-19,3426.919922,11478.87988
2020-10-20,3443.120117,11516.49023
2020-10-21,3435.560059,11484.69043
2020-10-22,3453.48999,11506.00977
2020-10-23,3465.389893,11548.28027
2020-10-26,3400.969971,11358.94043
2020-10-27,3390.679932,11431.34961
2020-10-28,3271.030029,11004.87012
2020-10-29,3310.110107,11185.58984
2020-10-30,3269.959961,10911.58984
2020-11-02,3310.23999,10957.61035
2020-11-03,3369.159912,11160.57031
2020-11-04,3443.439941,11590.78027
2020-11-05,3510.449951,11890.92969
2020-11-06,3509.439941,11895.23047
2020-11-09,3550.5,11713.78027
2020-11-10,3545.530029,11553.86035
2020-11-11,3572.659912,11786.42969
2020-11-12,3537.01001,11709.58984
2020-11-13,3585.149902,11829.29004
2020-11-16,3626.909912,11924.12988
2020-11-17,3609.530029,11899.33984
2020-11-18,3567.790039,11801.59961
2020-11-19,3581.870117,11904.70996
2020-11-20,3557.540039,11854.96973
2020-11-23,3577.590088,11880.62988
2020-11-24,3635.409912,12036.79004
2020-11-25,3629.649902,12094.40039
2020-11-27,3638.350098,12205.84961
2020-11-30,3621.629883,12198.74023
2020-12-01,3662.449951,12355.11035
2020-12-02,3669.01001,12349.37012
2020-12-03,3666.719971,12377.17969
2020-12-04,3699.120117,12464.23047
2020-12-07,3691.959961,12519.9502
2020-12-08,3702.25,12582.76953
2020-12-09,3672.820068,12338.9502
2020-12-10,3668.100098,12405.80957
2020-12-11,3663.459961,12377.87012
2020-12-14,3647.48999,12440.04004
2020-12-15,3694.620117,12595.05957
2020-12-16,3701.169922,12658.19043
2020-12-17,3722.47998,12764.75
2020-12-18,3709.409912,12755.63965
2020-12-21,3694.919922,12742.51953
2020-12-22,3687.26001,12807.91992
2020-12-23,3690.01001,12771.11035
2020-12-24,3703.060059,12804.73047
2020-12-28,3735.360107,12899.41992
2020-12-29,3727.040039,12850.21973
2020-12-30,3732.040039,12870
2020-12-31,3756.070068,12888.28027
2021-01-04,3700.649902,12698.4502
2021-01-05,3726.860107,12818.95996
2021-01-06,3748.139893,12740.79004
2021-01-07,3803.790039,13067.48047
2021-01-08,3824.679932,13201.98047
2021-01-11,3799.610107,13036.42969
2021-01-12,3801.189941,13072.42969
2021-01-13,3809.840088,13128.9502
2021-01-14,3795.540039,13112.63965
2021-01-15,3768.25,12998.5
2021-01-19,3798.909912,13197.17969
2021-01-20,3851.850098,13457.25
2021-01-21,3853.070068,13530.91016
2021-01-22,3841.469971,13543.05957
2021-01-25,3855.360107,13635.99023
2021-01-26,3849.620117,13626.05957
2021-01-27,3750.77002,13270.59961
2021-01-28,3787.379883,13337.16016
2021-01-29,3714.23999,13070.69043
